<ExportedObjects EMVersion="5.111.0.470"><LifeCycleActions/><LifeCyclePolicies/><ChoiceLists><ChoiceList><ChoiceListProperties><ObjectType>1026</ObjectType><ChoiceValues><Choice><ObjectType>1025</ObjectType><ChoiceType>1</ChoiceType><ChoiceStringValue>East</ChoiceStringValue><Name>East</Name><DisplayNames><LocalizedString><ObjectType>1075</ObjectType><LocalizedText>East</LocalizedText><LocaleName>en-us</LocaleName></LocalizedString></DisplayNames><ChoiceIntegerValue/></Choice><Choice><ObjectType>1025</ObjectType><ChoiceType>1</ChoiceType><ChoiceStringValue>North</ChoiceStringValue><Name>North</Name><DisplayNames><LocalizedString><ObjectType>1075</ObjectType><LocalizedText>North</LocalizedText><LocaleName>en-us</LocaleName></LocalizedString></DisplayNames><ChoiceIntegerValue/></Choice><Choice><ObjectType>1025</ObjectType><ChoiceType>1</ChoiceType><ChoiceStringValue>South</ChoiceStringValue><Name>South</Name><DisplayNames><LocalizedString><ObjectType>1075</ObjectType><LocalizedText>South</LocalizedText><LocaleName>en-us</LocaleName></LocalizedString></DisplayNames><ChoiceIntegerValue/></Choice><Choice><ObjectType>1025</ObjectType><ChoiceType>1</ChoiceType><ChoiceStringValue>West</ChoiceStringValue><Name>West</Name><DisplayNames><LocalizedString><ObjectType>1075</ObjectType><LocalizedText>West</LocalizedText><LocaleName>en-us</LocaleName></LocalizedString></DisplayNames><ChoiceIntegerValue/></Choice></ChoiceValues><Name>REGION</Name><Creator>p8admin</Creator><DateCreated>2018-09-04T09:04:53.80Z</DateCreated><ReplicationGroup/><Id>d0d3a365-0000-c11f-94f0-665ee2baa4a2</Id><LastModifier>p8admin</LastModifier><DataType>8</DataType><ExternalReplicaIdentities/><DisplayName>REGION</DisplayName><DescriptiveText>REGION</DescriptiveText><DateLastModified>2018-09-04T11:06:21.501Z</DateLastModified></ChoiceListProperties></ChoiceList></ChoiceLists><PropertyTemplates><PropertyTemplateString><PropertyTemplateStringProperties><ObjectType>1055</ObjectType><SymbolicName>City_Pincode</SymbolicName><MarkingSet/><PersistenceType>1</PersistenceType><Cardinality>0</Cardinality><Creator>p8admin</Creator><LastModifier>p8admin</LastModifier><UsesLongColumn>0</UsesLongColumn><Settability>0</Settability><ModificationAccessRequired/><ReplicationGroup/><DisplayNames><LocalizedString><ObjectType>1075</ObjectType><LocalizedText>City_Pin code</LocalizedText><LocaleName>en-us</LocaleName></LocalizedString></DisplayNames><AuditAs/><MaximumLengthString/><AliasIds/><Id>22b5019a-3237-403e-8a8f-b7a3d16101fb</Id><IsNameProperty>0</IsNameProperty><DateCreated>2018-07-04T13:06:14.464Z</DateCreated><DescriptiveTexts><LocalizedString><ObjectType>1075</ObjectType><LocalizedText>City_Pin code</LocalizedText><LocaleName>en-us</LocaleName></LocalizedString></DescriptiveTexts><RequiresUniqueElements>0</RequiresUniqueElements><IsHidden/><ExternalReplicaIdentities/><DateLastModified>2018-07-04T13:06:14.464Z</DateLastModified><Name>City_Pin code</Name><PropertyDefaultString/><ChoiceList/><PropertyDisplayCategory/><IsValueRequired/></PropertyTemplateStringProperties></PropertyTemplateString><PropertyTemplateString><PropertyTemplateStringProperties><ObjectType>1055</ObjectType><SymbolicName>Licensors</SymbolicName><MarkingSet/><PersistenceType>1</PersistenceType><Cardinality>0</Cardinality><Creator>p8admin</Creator><LastModifier>p8admin</LastModifier><UsesLongColumn>0</UsesLongColumn><Settability>0</Settability><ModificationAccessRequired/><ReplicationGroup/><DisplayNames><LocalizedString><ObjectType>1075</ObjectType><LocalizedText>Licensors</LocalizedText><LocaleName>en-us</LocaleName></LocalizedString></DisplayNames><AuditAs/><MaximumLengthString/><AliasIds/><Id>9bcbe4f2-7393-4f05-809c-b8067118c750</Id><IsNameProperty>0</IsNameProperty><DateCreated>2018-07-04T13:01:29.979Z</DateCreated><DescriptiveTexts><LocalizedString><ObjectType>1075</ObjectType><LocalizedText>Licensors</LocalizedText><LocaleName>en-us</LocaleName></LocalizedString></DescriptiveTexts><RequiresUniqueElements>0</RequiresUniqueElements><IsHidden/><ExternalReplicaIdentities/><DateLastModified>2018-07-04T13:01:29.979Z</DateLastModified><Name>Licensors</Name><PropertyDefaultString/><ChoiceList/><PropertyDisplayCategory/><IsValueRequired/></PropertyTemplateStringProperties></PropertyTemplateString><PropertyTemplateString><PropertyTemplateStringProperties><ObjectType>1055</ObjectType><SymbolicName>Region_ED</SymbolicName><MarkingSet/><PersistenceType>1</PersistenceType><Cardinality>0</Cardinality><Creator>p8admin</Creator><LastModifier>p8admin</LastModifier><UsesLongColumn>0</UsesLongColumn><Settability>0</Settability><ModificationAccessRequired/><ReplicationGroup/><DisplayNames><LocalizedString><ObjectType>1075</ObjectType><LocalizedText>Region</LocalizedText><LocaleName>en-us</LocaleName></LocalizedString></DisplayNames><AuditAs/><MaximumLengthString/><AliasIds/><Id>22095241-4f87-4a38-81fa-f64d29e4e391</Id><IsNameProperty>0</IsNameProperty><DateCreated>2018-09-04T09:05:20.971Z</DateCreated><DescriptiveTexts><LocalizedString><ObjectType>1075</ObjectType><LocalizedText>Region_ED</LocalizedText><LocaleName>en-us</LocaleName></LocalizedString></DescriptiveTexts><RequiresUniqueElements>0</RequiresUniqueElements><IsHidden/><ExternalReplicaIdentities/><DateLastModified>2018-09-04T10:19:55.620Z</DateLastModified><Name>Region</Name><PropertyDefaultString/><ChoiceList><ObjectRef><ObjectId>d0d3a365-0000-c11f-94f0-665ee2baa4a2</ObjectId><ClassId>d32e4f70-afb2-11d2-8bd6-00e0290f729a</ClassId></ObjectRef></ChoiceList><PropertyDisplayCategory/><IsValueRequired/></PropertyTemplateStringProperties></PropertyTemplateString><PropertyTemplateString><PropertyTemplateStringProperties><ObjectType>1055</ObjectType><SymbolicName>PrimaryUser</SymbolicName><MarkingSet/><PersistenceType>1</PersistenceType><Cardinality>0</Cardinality><Creator>p8admin</Creator><LastModifier>p8admin</LastModifier><UsesLongColumn>0</UsesLongColumn><Settability>0</Settability><ModificationAccessRequired/><ReplicationGroup/><DisplayNames><LocalizedString><ObjectType>1075</ObjectType><LocalizedText>PrimaryUser</LocalizedText><LocaleName>en-us</LocaleName></LocalizedString></DisplayNames><AuditAs/><MaximumLengthString/><AliasIds/><Id>18c2177e-cbf2-4cfe-8374-6e9e277ba840</Id><IsNameProperty>0</IsNameProperty><DateCreated>2018-09-04T08:56:07.611Z</DateCreated><DescriptiveTexts><LocalizedString><ObjectType>1075</ObjectType><LocalizedText>PrimaryUser</LocalizedText><LocaleName>en-us</LocaleName></LocalizedString></DescriptiveTexts><RequiresUniqueElements>0</RequiresUniqueElements><IsHidden/><ExternalReplicaIdentities/><DateLastModified>2018-09-04T08:56:07.611Z</DateLastModified><Name>PrimaryUser</Name><PropertyDefaultString/><ChoiceList/><PropertyDisplayCategory/><IsValueRequired/></PropertyTemplateStringProperties></PropertyTemplateString><PropertyTemplateString><PropertyTemplateStringProperties><ObjectType>1055</ObjectType><SymbolicName>PropertyAddress</SymbolicName><MarkingSet/><PersistenceType>1</PersistenceType><Cardinality>0</Cardinality><Creator>p8admin</Creator><LastModifier>p8admin</LastModifier><UsesLongColumn>0</UsesLongColumn><Settability>0</Settability><ModificationAccessRequired/><ReplicationGroup/><DisplayNames><LocalizedString><ObjectType>1075</ObjectType><LocalizedText>PropertyAddress</LocalizedText><LocaleName>en-us</LocaleName></LocalizedString></DisplayNames><AuditAs/><MaximumLengthString/><AliasIds/><Id>b0b788ea-b842-449e-85e3-fd738e0f7c42</Id><IsNameProperty>0</IsNameProperty><DateCreated>2018-09-04T09:08:23.393Z</DateCreated><DescriptiveTexts><LocalizedString><ObjectType>1075</ObjectType><LocalizedText>PropertyAddress</LocalizedText><LocaleName>en-us</LocaleName></LocalizedString></DescriptiveTexts><RequiresUniqueElements>0</RequiresUniqueElements><IsHidden/><ExternalReplicaIdentities/><DateLastModified>2018-09-04T09:08:23.393Z</DateLastModified><Name>PropertyAddress</Name><PropertyDefaultString/><ChoiceList/><PropertyDisplayCategory/><IsValueRequired/></PropertyTemplateStringProperties></PropertyTemplateString><PropertyTemplateString><PropertyTemplateStringProperties><ObjectType>1055</ObjectType><SymbolicName>UniqueCode</SymbolicName><MarkingSet/><PersistenceType>1</PersistenceType><Cardinality>0</Cardinality><Creator>p8admin</Creator><LastModifier>p8admin</LastModifier><UsesLongColumn>0</UsesLongColumn><Settability>0</Settability><ModificationAccessRequired/><ReplicationGroup/><DisplayNames><LocalizedString><ObjectType>1075</ObjectType><LocalizedText>UniqueCode</LocalizedText><LocaleName>en-us</LocaleName></LocalizedString></DisplayNames><AuditAs/><MaximumLengthString/><AliasIds/><Id>aa1a8138-a148-4d0d-8dbe-ae1786a02a30</Id><IsNameProperty>0</IsNameProperty><DateCreated>2018-09-04T09:09:45.926Z</DateCreated><DescriptiveTexts><LocalizedString><ObjectType>1075</ObjectType><LocalizedText>UniqueCode</LocalizedText><LocaleName>en-us</LocaleName></LocalizedString></DescriptiveTexts><RequiresUniqueElements>0</RequiresUniqueElements><IsHidden/><ExternalReplicaIdentities/><DateLastModified>2018-09-04T09:09:45.926Z</DateLastModified><Name>UniqueCode</Name><PropertyDefaultString/><ChoiceList/><PropertyDisplayCategory/><IsValueRequired/></PropertyTemplateStringProperties></PropertyTemplateString><PropertyTemplateString><PropertyTemplateStringProperties><ObjectType>1055</ObjectType><SymbolicName>State</SymbolicName><MarkingSet/><PersistenceType>1</PersistenceType><Cardinality>0</Cardinality><Creator>p8admin</Creator><LastModifier>p8admin</LastModifier><UsesLongColumn>0</UsesLongColumn><Settability>0</Settability><ModificationAccessRequired/><ReplicationGroup/><DisplayNames><LocalizedString><ObjectType>1075</ObjectType><LocalizedText>State</LocalizedText><LocaleName>en-us</LocaleName></LocalizedString></DisplayNames><AuditAs/><MaximumLengthString/><AliasIds/><Id>fbc2460e-e18c-43c4-8fc7-007cdd72142b</Id><IsNameProperty>0</IsNameProperty><DateCreated>2018-07-04T13:07:34.745Z</DateCreated><DescriptiveTexts><LocalizedString><ObjectType>1075</ObjectType><LocalizedText>State</LocalizedText><LocaleName>en-us</LocaleName></LocalizedString></DescriptiveTexts><RequiresUniqueElements>0</RequiresUniqueElements><IsHidden/><ExternalReplicaIdentities/><DateLastModified>2018-07-04T13:07:34.745Z</DateLastModified><Name>State</Name><PropertyDefaultString/><ChoiceList/><PropertyDisplayCategory/><IsValueRequired/></PropertyTemplateStringProperties></PropertyTemplateString><PropertyTemplateObject><PropertyTemplateObjectProperties><ObjectType>1055</ObjectType><SymbolicName>sec_proxy</SymbolicName><PersistenceType>1</PersistenceType><Cardinality>0</Cardinality><Creator>p8admin</Creator><LastModifier>p8admin</LastModifier><Settability>0</Settability><ModificationAccessRequired/><SecurityProxyType>2</SecurityProxyType><ReplicationGroup/><DisplayNames><LocalizedString><ObjectType>1075</ObjectType><LocalizedText>sec_proxy</LocalizedText><LocaleName>en-us</LocaleName></LocalizedString></DisplayNames><AuditAs/><AliasIds/><Id>9efc71ab-ce3e-49d8-8eab-1886689c90a4</Id><DateCreated>2018-09-04T08:26:31.560Z</DateCreated><CBRPropagationType/><RequiresUniqueElements>0</RequiresUniqueElements><IsHidden/><ExternalReplicaIdentities/><DateLastModified>2018-09-07T05:35:35.423Z</DateLastModified><Name>sec_proxy</Name><AllowsForeignObject/><ChoiceList/><PropertyDisplayCategory/><IsValueRequired/><DescriptiveTexts><LocalizedString><ObjectType>1075</ObjectType><LocalizedText>sec_proxy</LocalizedText><LocaleName>en-us</LocaleName></LocalizedString></DescriptiveTexts></PropertyTemplateObjectProperties></PropertyTemplateObject><PropertyTemplateString><PropertyTemplateStringProperties><ObjectType>1055</ObjectType><SymbolicName>City</SymbolicName><MarkingSet/><PersistenceType>1</PersistenceType><Cardinality>0</Cardinality><Creator>p8admin</Creator><LastModifier>p8admin</LastModifier><UsesLongColumn>0</UsesLongColumn><Settability>0</Settability><ModificationAccessRequired/><ReplicationGroup/><DisplayNames><LocalizedString><ObjectType>1075</ObjectType><LocalizedText>City</LocalizedText><LocaleName>en-us</LocaleName></LocalizedString></DisplayNames><AuditAs/><MaximumLengthString/><AliasIds/><Id>c6014c14-7514-4009-8070-09817bdd7204</Id><IsNameProperty>0</IsNameProperty><DateCreated>2018-09-07T06:34:34.758Z</DateCreated><DescriptiveTexts><LocalizedString><ObjectType>1075</ObjectType><LocalizedText>City</LocalizedText><LocaleName>en-us</LocaleName></LocalizedString></DescriptiveTexts><RequiresUniqueElements>0</RequiresUniqueElements><IsHidden/><ExternalReplicaIdentities/><DateLastModified>2018-09-07T06:34:34.758Z</DateLastModified><Name>City</Name><PropertyDefaultString/><ChoiceList/><PropertyDisplayCategory/><IsValueRequired/></PropertyTemplateStringProperties></PropertyTemplateString><PropertyTemplateString><PropertyTemplateStringProperties><ObjectType>1055</ObjectType><SymbolicName>Region</SymbolicName><MarkingSet/><PersistenceType>1</PersistenceType><Cardinality>0</Cardinality><Creator>p8admin</Creator><LastModifier>p8admin</LastModifier><UsesLongColumn>0</UsesLongColumn><Settability>0</Settability><ModificationAccessRequired/><ReplicationGroup/><DisplayNames><LocalizedString><ObjectType>1075</ObjectType><LocalizedText>Region sp</LocalizedText><LocaleName>en-us</LocaleName></LocalizedString></DisplayNames><AuditAs/><MaximumLengthString/><AliasIds/><Id>745b24d3-dfa3-48d0-8cf0-01fff330b0af</Id><IsNameProperty>0</IsNameProperty><DateCreated>2018-09-04T07:43:42.758Z</DateCreated><DescriptiveTexts><LocalizedString><ObjectType>1075</ObjectType><LocalizedText>Region</LocalizedText><LocaleName>en-us</LocaleName></LocalizedString></DescriptiveTexts><RequiresUniqueElements>0</RequiresUniqueElements><IsHidden/><ExternalReplicaIdentities/><DateLastModified>2018-09-04T10:21:58.543Z</DateLastModified><Name>Region sp</Name><PropertyDefaultString/><ChoiceList/><PropertyDisplayCategory/><IsValueRequired/></PropertyTemplateStringProperties></PropertyTemplateString><PropertyTemplateObject><PropertyTemplateObjectProperties><ObjectType>1055</ObjectType><SymbolicName>edw_admin_sec_proxy</SymbolicName><PersistenceType>1</PersistenceType><Cardinality>0</Cardinality><Creator>p8admin</Creator><LastModifier>p8admin</LastModifier><Settability>0</Settability><ModificationAccessRequired/><SecurityProxyType>2</SecurityProxyType><ReplicationGroup/><DisplayNames><LocalizedString><ObjectType>1075</ObjectType><LocalizedText>edw_admin_sec_proxy</LocalizedText><LocaleName>en-us</LocaleName></LocalizedString></DisplayNames><AuditAs/><AliasIds/><Id>37a6f26e-16b6-4b0d-87e0-933a0fd4daa7</Id><DateCreated>2018-09-07T05:51:08.253Z</DateCreated><CBRPropagationType/><RequiresUniqueElements>0</RequiresUniqueElements><IsHidden>1</IsHidden><ExternalReplicaIdentities/><DateLastModified>2018-09-07T05:51:08.253Z</DateLastModified><Name>edw_admin_sec_proxy</Name><AllowsForeignObject>0</AllowsForeignObject><ChoiceList/><PropertyDisplayCategory/><IsValueRequired>0</IsValueRequired><DescriptiveTexts><LocalizedString><ObjectType>1075</ObjectType><LocalizedText>edw_admin_sec_proxy</LocalizedText><LocaleName>en-us</LocaleName></LocalizedString></DescriptiveTexts></PropertyTemplateObjectProperties></PropertyTemplateObject><PropertyTemplateString><PropertyTemplateStringProperties><ObjectType>1055</ObjectType><SymbolicName>Function</SymbolicName><MarkingSet/><PersistenceType>1</PersistenceType><Cardinality>0</Cardinality><Creator>p8admin</Creator><LastModifier>p8admin</LastModifier><UsesLongColumn>0</UsesLongColumn><Settability>0</Settability><ModificationAccessRequired/><ReplicationGroup/><DisplayNames><LocalizedString><ObjectType>1075</ObjectType><LocalizedText>Function</LocalizedText><LocaleName>en-us</LocaleName></LocalizedString></DisplayNames><AuditAs/><MaximumLengthString/><AliasIds/><Id>e9ad14d3-9ae0-4b88-8dbd-d504b018c936</Id><IsNameProperty>0</IsNameProperty><DateCreated>2018-09-04T08:57:09.1Z</DateCreated><DescriptiveTexts><LocalizedString><ObjectType>1075</ObjectType><LocalizedText>Function</LocalizedText><LocaleName>en-us</LocaleName></LocalizedString></DescriptiveTexts><RequiresUniqueElements>0</RequiresUniqueElements><IsHidden/><ExternalReplicaIdentities/><DateLastModified>2018-09-04T08:57:09.1Z</DateLastModified><Name>Function</Name><PropertyDefaultString/><ChoiceList/><PropertyDisplayCategory/><IsValueRequired/></PropertyTemplateStringProperties></PropertyTemplateString><PropertyTemplateDateTime><PropertyTemplateDateTimeProperties><ObjectType>1055</ObjectType><SymbolicName>Issue_Date</SymbolicName><PersistenceType>1</PersistenceType><Cardinality>0</Cardinality><Creator>p8admin</Creator><LastModifier>p8admin</LastModifier><Settability>0</Settability><ModificationAccessRequired/><ReplicationGroup/><PropertyMinimumDateTime/><DisplayNames><LocalizedString><ObjectType>1075</ObjectType><LocalizedText>Issue_Date</LocalizedText><LocaleName>en-us</LocaleName></LocalizedString></DisplayNames><PropertyDefaultDateTime/><AuditAs/><IsDateOnly>0</IsDateOnly><AliasIds/><PropertyMaximumDateTime/><Id>40f36f60-41f7-42b9-8df1-08c8acc46258</Id><IsNameProperty>0</IsNameProperty><DateCreated>2018-07-04T12:58:34.276Z</DateCreated><DescriptiveTexts><LocalizedString><ObjectType>1075</ObjectType><LocalizedText>Issue_Date</LocalizedText><LocaleName>en-us</LocaleName></LocalizedString></DescriptiveTexts><RequiresUniqueElements>0</RequiresUniqueElements><IsHidden/><ExternalReplicaIdentities/><DateLastModified>2018-07-04T12:58:34.276Z</DateLastModified><Name>Issue_Date</Name><ChoiceList/><PropertyDisplayCategory/><IsValueRequired/></PropertyTemplateDateTimeProperties></PropertyTemplateDateTime><PropertyTemplateString><PropertyTemplateStringProperties><ObjectType>1055</ObjectType><SymbolicName>VendorName</SymbolicName><MarkingSet/><PersistenceType>1</PersistenceType><Cardinality>0</Cardinality><Creator>p8admin</Creator><LastModifier>p8admin</LastModifier><UsesLongColumn>0</UsesLongColumn><Settability>0</Settability><ModificationAccessRequired/><ReplicationGroup/><DisplayNames><LocalizedString><ObjectType>1075</ObjectType><LocalizedText>VendorName</LocalizedText><LocaleName>en-us</LocaleName></LocalizedString></DisplayNames><AuditAs/><MaximumLengthString/><AliasIds/><Id>3a7fc76e-8f13-4194-8ec9-441c49967707</Id><IsNameProperty>0</IsNameProperty><DateCreated>2018-09-04T09:10:42.206Z</DateCreated><DescriptiveTexts><LocalizedString><ObjectType>1075</ObjectType><LocalizedText>VendorName</LocalizedText><LocaleName>en-us</LocaleName></LocalizedString></DescriptiveTexts><RequiresUniqueElements>0</RequiresUniqueElements><IsHidden/><ExternalReplicaIdentities/><DateLastModified>2018-09-04T09:10:42.206Z</DateLastModified><Name>VendorName</Name><PropertyDefaultString/><ChoiceList/><PropertyDisplayCategory/><IsValueRequired/></PropertyTemplateStringProperties></PropertyTemplateString><PropertyTemplateString><PropertyTemplateStringProperties><ObjectType>1055</ObjectType><SymbolicName>Entity</SymbolicName><MarkingSet/><PersistenceType>1</PersistenceType><Cardinality>0</Cardinality><Creator>p8admin</Creator><LastModifier>p8admin</LastModifier><UsesLongColumn>0</UsesLongColumn><Settability>0</Settability><ModificationAccessRequired/><ReplicationGroup/><DisplayNames><LocalizedString><ObjectType>1075</ObjectType><LocalizedText>Entity</LocalizedText><LocaleName>en-us</LocaleName></LocalizedString></DisplayNames><AuditAs/><MaximumLengthString/><AliasIds/><Id>83e9c46f-8894-4342-8c31-d1bd18e48a6c</Id><IsNameProperty>0</IsNameProperty><DateCreated>2018-09-04T08:55:11.923Z</DateCreated><DescriptiveTexts><LocalizedString><ObjectType>1075</ObjectType><LocalizedText>Entity</LocalizedText><LocaleName>en-us</LocaleName></LocalizedString></DescriptiveTexts><RequiresUniqueElements>0</RequiresUniqueElements><IsHidden/><ExternalReplicaIdentities/><DateLastModified>2018-09-04T08:55:11.923Z</DateLastModified><Name>Entity</Name><PropertyDefaultString/><ChoiceList/><PropertyDisplayCategory/><IsValueRequired/></PropertyTemplateStringProperties></PropertyTemplateString><PropertyTemplateString><PropertyTemplateStringProperties><ObjectType>1055</ObjectType><SymbolicName>Tenure</SymbolicName><MarkingSet/><PersistenceType>1</PersistenceType><Cardinality>0</Cardinality><Creator>p8admin</Creator><LastModifier>p8admin</LastModifier><UsesLongColumn>0</UsesLongColumn><Settability>0</Settability><ModificationAccessRequired/><ReplicationGroup/><DisplayNames><LocalizedString><ObjectType>1075</ObjectType><LocalizedText>Tenure</LocalizedText><LocaleName>en-us</LocaleName></LocalizedString></DisplayNames><AuditAs/><MaximumLengthString/><AliasIds/><Id>b3ef6e05-27f9-4e20-814b-91ddd9032c69</Id><IsNameProperty>0</IsNameProperty><DateCreated>2018-07-04T12:59:14.57Z</DateCreated><DescriptiveTexts><LocalizedString><ObjectType>1075</ObjectType><LocalizedText>Tenure</LocalizedText><LocaleName>en-us</LocaleName></LocalizedString></DescriptiveTexts><RequiresUniqueElements>0</RequiresUniqueElements><IsHidden/><ExternalReplicaIdentities/><DateLastModified>2018-07-04T12:59:14.57Z</DateLastModified><Name>Tenure</Name><PropertyDefaultString/><ChoiceList/><PropertyDisplayCategory/><IsValueRequired/></PropertyTemplateStringProperties></PropertyTemplateString><PropertyTemplateString><PropertyTemplateStringProperties><ObjectType>1055</ObjectType><SymbolicName>Document_Type</SymbolicName><MarkingSet/><PersistenceType>1</PersistenceType><Cardinality>0</Cardinality><Creator>p8admin</Creator><LastModifier>p8admin</LastModifier><UsesLongColumn>0</UsesLongColumn><Settability>0</Settability><ModificationAccessRequired/><ReplicationGroup/><DisplayNames><LocalizedString><ObjectType>1075</ObjectType><LocalizedText>Document_Type</LocalizedText><LocaleName>en-us</LocaleName></LocalizedString></DisplayNames><AuditAs/><MaximumLengthString/><AliasIds/><Id>51d86758-9009-4797-807b-30116dd4116a</Id><IsNameProperty>0</IsNameProperty><DateCreated>2018-07-04T12:57:38.650Z</DateCreated><DescriptiveTexts><LocalizedString><ObjectType>1075</ObjectType><LocalizedText>Document_Type</LocalizedText><LocaleName>en-us</LocaleName></LocalizedString></DescriptiveTexts><RequiresUniqueElements>0</RequiresUniqueElements><IsHidden/><ExternalReplicaIdentities/><DateLastModified>2018-07-04T12:57:38.650Z</DateLastModified><Name>Document_Type</Name><PropertyDefaultString/><ChoiceList/><PropertyDisplayCategory/><IsValueRequired/></PropertyTemplateStringProperties></PropertyTemplateString></PropertyTemplates><ClassDefinitions/></ExportedObjects>
